{
    "loss": 17.206083297729492,
    "accuracy": 0.7210294604301453
}